filename,label
audio_128.wav,2.8230696564721045
audio_156.wav,3.987691776703499
audio_19.wav,4.599854680013885
audio_108.wav,1.9610591308577103
audio_206.wav,1.992691752402762
audio_161.wav,2.7741152872499124
audio_215.wav,2.8305085592429013
audio_213.wav,1.935545680724904
audio_11.wav,3.4862156812510894
audio_155.wav,3.2215624150324733
audio_39.wav,3.091555121689697
audio_168.wav,3.008743251219492
audio_133.wav,1.8258032328284168
audio_28.wav,2.526719416725397
audio_40.wav,3.097721745810053
audio_181.wav,2.140051959706708
audio_201.wav,2.613438853948208
audio_182.wav,3.5791005408071537
audio_126.wav,2.4318880145782025
audio_10.wav,2.3973847074249326
audio_134.wav,1.8806578034769368
audio_69.wav,4.873348987842605
audio_112.wav,3.637534953822113
audio_180.wav,2.1346964365854557
audio_177.wav,2.6924924784495152
audio_77.wav,5.0
audio_111.wav,3.1691359690434715
audio_18.wav,3.399087736025001
audio_175.wav,4.373091642329746
audio_33.wav,3.0397499725875297
audio_15.wav,2.544487213248559
audio_4.wav,3.3786323538807603
audio_27.wav,2.621697223036176
audio_96.wav,3.4569290627202736
audio_116.wav,2.605955124914447
audio_1.wav,2.304908597206869
audio_22.wav,3.73072792381512
audio_114.wav,2.162524410639211
audio_146.wav,2.650177346847552
audio_46.wav,5.0
audio_144.wav,3.066407284059227
audio_75.wav,4.903070562845652
audio_200.wav,2.952753465446182
audio_196.wav,2.1661212607643305
audio_190.wav,3.1459812634395807
audio_158.wav,2.6918967756378995
audio_17.wav,2.3347019106815745
audio_105.wav,4.51465688603605
audio_141.wav,3.2545815431983143
audio_129.wav,3.4988517209864383
audio_6.wav,3.378386846811721
audio_70.wav,5.0
audio_35.wav,3.410947505529428
audio_203.wav,3.462917749251019
audio_90.wav,3.491781454985109
audio_16.wav,3.136873162468104
audio_138.wav,3.5381987999943507
audio_100.wav,3.058927241593528
audio_115.wav,2.12886264260144
audio_118.wav,4.115184695974789
audio_137.wav,3.479913511647647
audio_101.wav,2.859837619281917
audio_193.wav,2.5272969331458994
audio_102.wav,4.218895927247321
audio_52.wav,3.0155542639260022
audio_172.wav,2.49339082134461
audio_191.wav,3.5595318740364497
audio_194.wav,2.6683249966566067
audio_67.wav,3.7320413279650233
audio_160.wav,2.7947131578710014
audio_179.wav,1.7855522606360927
audio_55.wav,2.8286684942975806
audio_145.wav,3.25722653725856
audio_197.wav,3.2247949562343456
audio_139.wav,3.234524807181138
audio_91.wav,3.5029318160284286
audio_8.wav,1.781095127530257
audio_136.wav,3.6305499580324194
audio_199.wav,2.1927719093944043
audio_110.wav,4.051563515686811
audio_208.wav,2.484186836061356
audio_152.wav,4.627163903076508
audio_94.wav,2.820523725114142
audio_174.wav,3.439819946115955
audio_23.wav,4.383820219578623
audio_56.wav,2.5983288509774964
audio_97.wav,3.1639827704410237
audio_148.wav,3.2778855585104387
audio_59.wav,2.980953393855029
audio_5.wav,2.1292436611466754
audio_119.wav,3.8413617326565697
audio_80.wav,3.1151520016672563
audio_58.wav,2.6221051347400683
audio_123.wav,3.296835372484909
audio_188.wav,3.125880752614267
audio_121.wav,2.3585076572912
audio_107.wav,2.407008936692813
audio_214.wav,3.3374407633790617
audio_73.wav,5.0
audio_169.wav,3.3062654334852453
audio_7.wav,2.8906561762944376
audio_42.wav,3.201116623923378
audio_88.wav,4.607060525057968
audio_64.wav,2.229664793042811
audio_195.wav,2.1617247506312984
audio_57.wav,2.6078098990359027
audio_13.wav,2.7568059318743523
audio_125.wav,4.186755647159635
audio_209.wav,2.88398779522438
audio_211.wav,2.777255964226627
audio_63.wav,2.430210304815036
audio_86.wav,4.8795172119595325
audio_78.wav,4.875578530774269
audio_38.wav,3.46098218675149
audio_186.wav,1.9978254008021312
audio_154.wav,3.2618579617722268
audio_21.wav,2.121983121297728
audio_120.wav,2.3792492244934262
audio_183.wav,2.613764800221435
audio_25.wav,3.5575718407797203
audio_122.wav,2.33909020493536
audio_36.wav,3.616976641093571
audio_76.wav,5.0
audio_163.wav,2.9345642711662148
audio_83.wav,4.902645092936205
audio_103.wav,2.529114035399945
audio_93.wav,3.7657716794059497
audio_26.wav,3.235269383266718
audio_72.wav,5.0
audio_210.wav,2.4822264301035126
audio_104.wav,1.903485035334819
audio_81.wav,3.680096379267018
audio_166.wav,2.6594235640960315
audio_202.wav,3.030068172971436
audio_185.wav,2.8111769954501247
audio_9.wav,2.0516006677160914
audio_207.wav,2.1507807088331377
audio_127.wav,2.957126628900254
audio_12.wav,2.682562199631002
audio_132.wav,2.5456525030388937
audio_109.wav,2.1208174314166808
audio_32.wav,3.235932241158449
audio_178.wav,3.168620869336765
audio_61.wav,2.658173816659066
audio_34.wav,3.811082497336199
audio_106.wav,2.1555174596192237
audio_49.wav,4.919544205689944
audio_149.wav,3.309348914275494
audio_30.wav,4.080682293180901
audio_131.wav,3.159328062967101
audio_162.wav,2.007631856099492
audio_204.wav,3.266932760409723
audio_198.wav,3.141304217349917
audio_135.wav,3.861334506482247
audio_187.wav,3.019706722083417
audio_3.wav,2.6197612193635105
audio_98.wav,4.077471478640669
audio_159.wav,2.994723886594272
audio_167.wav,2.086819057033785
audio_205.wav,2.394158177200313
audio_95.wav,3.544854784812121
audio_68.wav,4.999492844580919
audio_31.wav,4.179130235581975
audio_157.wav,2.6205794541542065
audio_89.wav,4.4461580817012765
audio_82.wav,4.92810071573463
audio_53.wav,2.8730718770289534
audio_37.wav,4.352061770227047
audio_113.wav,2.2704311699065887
audio_85.wav,4.804189347548509
audio_173.wav,4.184504281502856
audio_41.wav,4.692286946523612
audio_51.wav,2.52411476662168
audio_143.wav,3.538753239076781
audio_92.wav,4.239686387366427
audio_74.wav,5.0
audio_0.wav,3.7920464116612673
audio_147.wav,3.2335453334343343
audio_130.wav,2.256158664123763
audio_192.wav,2.8067185382729494
audio_43.wav,5.0
audio_65.wav,2.312113450479638
audio_14.wav,3.621927609582796
audio_117.wav,3.73023291049932
audio_212.wav,2.2321495365347985
audio_79.wav,3.63021283294672
audio_171.wav,3.071453017446048
audio_60.wav,2.3734675703371857
audio_153.wav,3.573689032348852
audio_176.wav,2.956066640746805
audio_2.wav,3.3217555385069555
audio_50.wav,4.821052059449478
audio_29.wav,3.5127614253771013
audio_142.wav,4.070320334334929
audio_47.wav,3.66292895888867
audio_84.wav,4.903014954480812
audio_164.wav,2.243499524687948
audio_48.wav,4.734157655645597
audio_189.wav,2.377901063973093
audio_151.wav,3.540446685857059
audio_66.wav,2.33519803945851
audio_44.wav,3.59594984219947
audio_150.wav,3.33946905789355
audio_87.wav,4.525063497255871
audio_99.wav,3.4612635297077854
audio_62.wav,3.0617995126669824
audio_20.wav,2.372776801856286
audio_124.wav,2.56864716625485
audio_54.wav,2.7761552499154494
audio_45.wav,5.0
audio_71.wav,4.992427569132906
audio_184.wav,2.389439769817944
audio_24.wav,1.901058832453764
audio_140.wav,3.556783043471803
audio_165.wav,2.382329015167416
audio_170.wav,2.537517043557437
